[{"_allAttributes":null,"_properties":null,"_methods":null,"file":"c:/Users/SAYYAPUREDDYSAI/OneDrive - IBM/Desktop/salesforce/Car_Hub_Project/force-app/main/default/lwc/car_card/car_card.js","metadata":{"decorators":[{"type":"wire","targets":[{"type":"method","name":"carsHandler","static":{},"params":{"filters":"filters"},"adapter":{"name":"getCars","reference":"@salesforce/apex/CarController.getCars"}},{"name":"messageContext","type":"property","static":{},"params":{},"adapter":{"name":"MessageContext","reference":"lightning/messageService"}}]}],"classMembers":[{"name":"cars","type":"property","loc":{"start":{"line":9,"column":4},"end":{"line":9,"column":12}}},{"name":"error","type":"property","loc":{"start":{"line":10,"column":4},"end":{"line":10,"column":9}}},{"name":"filters","type":"property","value":{"type":"object","value":{}},"loc":{"start":{"line":11,"column":4},"end":{"line":11,"column":17}}},{"name":"carFilterSubscription","type":"property","loc":{"start":{"line":12,"column":4},"end":{"line":12,"column":25}}},{"name":"carsHandler","type":"method","decorator":"wire","loc":{"start":{"line":14,"column":4},"end":{"line":24,"column":5}}},{"name":"messageContext","type":"property","decorator":"wire","doc":"*Load context for LMS ","loc":{"start":{"line":27,"column":5},"end":{"line":28,"column":19}}},{"name":"connectedCallback","type":"method","loc":{"start":{"line":30,"column":5},"end":{"line":32,"column":6}}},{"name":"subscribeHandler","type":"method","loc":{"start":{"line":34,"column":5},"end":{"line":36,"column":6}}},{"name":"handleFilterChanges","type":"method","loc":{"start":{"line":37,"column":5},"end":{"line":41,"column":6}}},{"name":"sendData","type":"method","loc":{"start":{"line":42,"column":5},"end":{"line":48,"column":6}}}],"declarationLoc":{"start":{"line":7,"column":0},"end":{"line":49,"column":1}},"doc":"","exports":[{"type":"ExportDefaultDeclaration"}]},"updatedAt":"2024-12-23T09:51:26.100Z"},{"_allAttributes":null,"_properties":null,"_methods":null,"file":"c:/Users/SAYYAPUREDDYSAI/OneDrive - IBM/Desktop/salesforce/Car_Hub_Project/force-app/main/default/lwc/car_filter/car_filter.js","metadata":{"decorators":[{"type":"wire","targets":[{"name":"messageContext","type":"property","static":{},"params":{},"adapter":{"name":"MessageContext","reference":"lightning/messageService"}},{"name":"carObjectInfo","type":"property","static":{"objectApiName":{"type":"unresolved"}},"params":{},"adapter":{"name":"getObjectInfo","reference":"lightning/uiObjectInfoApi"}},{"name":"category","type":"property","static":{"fieldApiName":{"type":"unresolved"}},"params":{"recordTypeId":"carObjectInfo.data.defaultRecordTypeId"},"adapter":{"name":"getPicklistValues","reference":"lightning/uiObjectInfoApi"}},{"name":"make","type":"property","static":{"fieldApiName":{"type":"unresolved"}},"params":{"recordTypeId":"carObjectInfo.data.defaultRecordTypeId"},"adapter":{"name":"getPicklistValues","reference":"lightning/uiObjectInfoApi"}}]}],"classMembers":[{"name":"timer","type":"property","loc":{"start":{"line":19,"column":4},"end":{"line":19,"column":10}}},{"name":"filters","type":"property","value":{"type":"object","value":{"searchKey":{"type":"string","value":""}}},"loc":{"start":{"line":20,"column":4},"end":{"line":23,"column":5}}},{"name":"categoryError","type":"property","value":{"type":"string","value":"No category Found"},"loc":{"start":{"line":26,"column":4},"end":{"line":26,"column":35}}},{"name":"makeError","type":"property","value":{"type":"string","value":"No Make Found"},"loc":{"start":{"line":27,"column":4},"end":{"line":27,"column":27}}},{"name":"messageContext","type":"property","decorator":"wire","loc":{"start":{"line":29,"column":4},"end":{"line":30,"column":19}}},{"name":"carObjectInfo","type":"property","decorator":"wire","loc":{"start":{"line":34,"column":4},"end":{"line":37,"column":18}}},{"name":"category","type":"property","decorator":"wire","loc":{"start":{"line":40,"column":4},"end":{"line":44,"column":13}}},{"name":"make","type":"property","decorator":"wire","loc":{"start":{"line":46,"column":4},"end":{"line":50,"column":9}}},{"name":"handleSearchKeyChange","type":"method","loc":{"start":{"line":53,"column":4},"end":{"line":59,"column":5}}},{"name":"handleMaxPriceChange","type":"method","loc":{"start":{"line":62,"column":4},"end":{"line":67,"column":5}}},{"name":"handleCheckbox","type":"method","loc":{"start":{"line":69,"column":4},"end":{"line":108,"column":5}}},{"name":"sendDataToCarList","type":"method","loc":{"start":{"line":110,"column":4},"end":{"line":130,"column":5}}}],"declarationLoc":{"start":{"line":17,"column":0},"end":{"line":131,"column":1}},"doc":"","exports":[{"type":"ExportDefaultDeclaration"}]},"updatedAt":"2024-12-17T11:11:47.321Z"},{"_allAttributes":null,"_properties":null,"_methods":null,"file":"c:/Users/SAYYAPUREDDYSAI/OneDrive - IBM/Desktop/salesforce/Car_Hub_Project/force-app/main/default/lwc/car_tile/car_tile.js","metadata":{"decorators":[{"type":"wire","targets":[{"name":"messageContext","type":"property","static":{},"params":{},"adapter":{"name":"MessageContext","reference":"lightning/messageService"}}]}],"classMembers":[{"name":"car_logo","type":"property","value":{"type":"unresolved"},"loc":{"start":{"line":23,"column":4},"end":{"line":23,"column":24}}},{"name":"car_object","type":"property","value":{"type":"unresolved"},"loc":{"start":{"line":24,"column":4},"end":{"line":24,"column":19}}},{"name":"recordId","type":"property","loc":{"start":{"line":25,"column":4},"end":{"line":25,"column":13}}},{"name":"carName","type":"property","loc":{"start":{"line":27,"column":4},"end":{"line":27,"column":12}}},{"name":"pictureUrl","type":"property","loc":{"start":{"line":28,"column":4},"end":{"line":28,"column":15}}},{"name":"category","type":"property","value":{"type":"unresolved"},"loc":{"start":{"line":30,"column":4},"end":{"line":30,"column":23}}},{"name":"make","type":"property","value":{"type":"unresolved"},"loc":{"start":{"line":31,"column":4},"end":{"line":31,"column":15}}},{"name":"msrp","type":"property","value":{"type":"unresolved"},"loc":{"start":{"line":32,"column":4},"end":{"line":32,"column":16}}},{"name":"control","type":"property","value":{"type":"unresolved"},"loc":{"start":{"line":33,"column":4},"end":{"line":33,"column":22}}},{"name":"numberOfSeats","type":"property","value":{"type":"unresolved"},"loc":{"start":{"line":34,"column":4},"end":{"line":34,"column":34}}},{"name":"fuelType","type":"property","value":{"type":"unresolved"},"loc":{"start":{"line":35,"column":4},"end":{"line":35,"column":25}}},{"name":"subscription","type":"property","value":{"type":"null","value":null},"loc":{"start":{"line":37,"column":4},"end":{"line":37,"column":24}}},{"name":"messageContext","type":"property","decorator":"wire","loc":{"start":{"line":39,"column":4},"end":{"line":40,"column":19}}},{"name":"connectedCallback","type":"method","loc":{"start":{"line":44,"column":4},"end":{"line":50,"column":5}}},{"name":"disconnectedCallback","type":"method","loc":{"start":{"line":52,"column":4},"end":{"line":57,"column":5}}},{"name":"messageData","type":"method","loc":{"start":{"line":59,"column":4},"end":{"line":61,"column":5}}},{"name":"handleRecordLoaded","type":"method","loc":{"start":{"line":62,"column":4},"end":{"line":69,"column":5}}},{"name":"carDetails","type":"property","loc":{"start":{"line":71,"column":4},"end":{"line":74,"column":5}}},{"name":"handleNavigation","type":"method","loc":{"start":{"line":75,"column":4},"end":{"line":85,"column":5}}}],"declarationLoc":{"start":{"line":22,"column":0},"end":{"line":86,"column":1}},"doc":"","exports":[{"type":"ExportDefaultDeclaration"}]},"updatedAt":"2024-12-23T14:56:48.529Z"},{"_allAttributes":null,"_properties":null,"_methods":null,"file":"c:/Users/SAYYAPUREDDYSAI/OneDrive - IBM/Desktop/salesforce/Car_Hub_Project/force-app/main/default/lwc/carPlaceHolder/carPlaceHolder.js","metadata":{"decorators":[{"type":"api","targets":[{"name":"message","type":"property","value":{"type":"unresolved"}}]}],"classMembers":[{"name":"message","type":"property","value":{"type":"unresolved"},"decorator":"api","loc":{"start":{"line":5,"column":4},"end":{"line":5,"column":17}}},{"name":"car_logo","type":"property","value":{"type":"unresolved"},"loc":{"start":{"line":6,"column":4},"end":{"line":6,"column":24}}}],"declarationLoc":{"start":{"line":3,"column":0},"end":{"line":8,"column":1}},"doc":"","exports":[{"type":"ExportDefaultDeclaration"}]},"updatedAt":"2024-12-18T04:52:19.563Z"},{"_allAttributes":null,"_properties":null,"_methods":null,"file":"c:/Users/SAYYAPUREDDYSAI/OneDrive - IBM/Desktop/salesforce/Car_Hub_Project/force-app/main/default/lwc/carsLayout/carsLayout.js","metadata":{"decorators":[{"type":"api","targets":[{"name":"car","type":"property","value":{"type":"unresolved"}}]}],"classMembers":[{"name":"car","type":"property","value":{"type":"unresolved"},"decorator":"api","loc":{"start":{"line":5,"column":4},"end":{"line":5,"column":12}}},{"name":"connectedCallback","type":"method","loc":{"start":{"line":6,"column":4},"end":{"line":9,"column":5}}},{"name":"handleClick","type":"method","loc":{"start":{"line":11,"column":4},"end":{"line":16,"column":5}}}],"declarationLoc":{"start":{"line":3,"column":0},"end":{"line":17,"column":1}},"doc":"","exports":[{"type":"ExportDefaultDeclaration"}]},"updatedAt":"2024-12-23T09:49:43.985Z"},{"_allAttributes":null,"_properties":null,"_methods":null,"file":"c:/Users/SAYYAPUREDDYSAI/OneDrive - IBM/Desktop/salesforce/Car_Hub_Project/force-app/main/default/lwc/similarCarSelections/similarCarSelections.js","metadata":{"decorators":[{"type":"api","targets":[{"name":"recordId","type":"property","value":{"type":"unresolved"}}]},{"type":"wire","targets":[{"type":"method","name":"wiredRecord","static":{"fields":{"type":"array","value":[null]}},"params":{"recordId":"recordId"},"adapter":{"name":"getRecord","reference":"lightning/uiRecordApi"}}]}],"classMembers":[{"name":"recordId","type":"property","value":{"type":"unresolved"},"decorator":"api","loc":{"start":{"line":8,"column":4},"end":{"line":8,"column":18}}},{"name":"carMake","type":"property","loc":{"start":{"line":9,"column":4},"end":{"line":9,"column":11}}},{"name":"similarCars","type":"property","loc":{"start":{"line":10,"column":4},"end":{"line":10,"column":15}}},{"name":"wiredRecord","type":"method","decorator":"wire","loc":{"start":{"line":12,"column":4},"end":{"line":27,"column":5}}},{"name":"fetchSimilarCars","type":"method","loc":{"start":{"line":29,"column":4},"end":{"line":38,"column":5}}},{"name":"viewHandler","type":"method","loc":{"start":{"line":40,"column":4},"end":{"line":51,"column":5}}}],"declarationLoc":{"start":{"line":7,"column":0},"end":{"line":52,"column":1}},"doc":"","exports":[{"type":"ExportDefaultDeclaration"}]},"updatedAt":"2024-12-23T15:52:48.969Z"}]