<?xml version="1.0" encoding="UTF-8"?>
<LightningComponentBundle xmlns="http://soap.sforce.com/2006/04/metadata">
    <apiVersion>62.0</apiVersion>
    <isExposed>true</isExposed>
    <targets>
        <target>lightningCommunity__Page</target>
        <target>lightningCommunity__Default</target>
    </targets>
    <targetConfigs>
        <targetConfig targets="lightningCommunity__Default">
            <property name="recordId" label="Record ID" type="String" />
            <property name="objectApiName"   label="Object Api" type="String" />
            <property name="resumeUrl" label="Resume Url" type="String" />
            <property name="badge"   label="Badges" type="String" />
            <property name="points"  label="Points" type="String" />
            <property name="trails" label="Trails" type="String" />
            <property name="trailheadRank" label="TrailHead Rank" type="String" datasource="Adventurer,All star ranger,Double star ranger,Expeditioner,Explorer,Five star ranger,Five star ranger,hiker,Mountaineer,Ranger,Scout,Triple star ranger"/>
        </targetConfig>
    </targetConfigs>
</LightningComponentBundle>