[{"_allAttributes":null,"_properties":null,"_methods":null,"file":"c:/Users/SAYYAPUREDDYSAI/OneDrive - IBM/Desktop/salesforce/portfolio/force-app/main/default/lwc/bmi/bmi.js","metadata":{"decorators":[],"classMembers":[{"name":"height","type":"property","value":{"type":"string","value":""},"loc":{"start":{"line":5,"column":4},"end":{"line":5,"column":14}}},{"name":"weight","type":"property","value":{"type":"string","value":""},"loc":{"start":{"line":6,"column":4},"end":{"line":6,"column":14}}},{"name":"bmiValue","type":"property","value":{"type":"string","value":""},"loc":{"start":{"line":7,"column":4},"end":{"line":7,"column":16}}},{"name":"result","type":"property","loc":{"start":{"line":8,"column":4},"end":{"line":8,"column":10}}},{"name":"inputHandler","type":"method","loc":{"start":{"line":10,"column":4},"end":{"line":21,"column":5}}},{"name":"submitHandler","type":"method","loc":{"start":{"line":22,"column":4},"end":{"line":27,"column":5}}},{"name":"calculate","type":"method","loc":{"start":{"line":28,"column":4},"end":{"line":49,"column":5}}},{"name":"recalculatorHandler","type":"method","loc":{"start":{"line":50,"column":4},"end":{"line":57,"column":5}}}],"declarationLoc":{"start":{"line":3,"column":0},"end":{"line":58,"column":1}},"doc":"","exports":[{"type":"ExportDefaultDeclaration"}]},"updatedAt":"2024-11-20T06:27:02.142Z"},{"_allAttributes":null,"_properties":null,"_methods":null,"file":"c:/Users/SAYYAPUREDDYSAI/OneDrive - IBM/Desktop/salesforce/portfolio/force-app/main/default/lwc/accountPage/accountPage.js","metadata":{"decorators":[{"type":"track","targets":[{"name":"accountInfo","type":"property"},{"name":"error","type":"property"}]}],"classMembers":[{"name":"accountInfo","type":"property","decorator":"track","loc":{"start":{"line":5,"column":4},"end":{"line":5,"column":25}}},{"name":"error","type":"property","decorator":"track","loc":{"start":{"line":6,"column":4},"end":{"line":6,"column":17}}},{"name":"connectedCallback","type":"method","loc":{"start":{"line":8,"column":4},"end":{"line":10,"column":5}}},{"name":"loadDataFromSession","type":"method","loc":{"start":{"line":12,"column":4},"end":{"line":30,"column":5}}},{"name":"showToast","type":"method","loc":{"start":{"line":32,"column":4},"end":{"line":39,"column":5}}}],"declarationLoc":{"start":{"line":3,"column":0},"end":{"line":43,"column":1}},"doc":"","exports":[{"type":"ExportDefaultDeclaration"}]},"updatedAt":"2024-11-11T11:33:53.194Z"},{"_allAttributes":null,"_properties":null,"_methods":null,"file":"c:/Users/SAYYAPUREDDYSAI/OneDrive - IBM/Desktop/salesforce/portfolio/force-app/main/default/lwc/documentsPage/documentsPage.js","metadata":{"decorators":[],"classMembers":[{"name":"url","type":"property","value":{"type":"unresolved"},"loc":{"start":{"line":7,"column":4},"end":{"line":7,"column":21}}},{"name":"jsBook","type":"property","value":{"type":"unresolved"},"loc":{"start":{"line":8,"column":4},"end":{"line":8,"column":25}}},{"name":"handleUploadFinished","type":"method","loc":{"start":{"line":11,"column":4},"end":{"line":22,"column":5}}}],"declarationLoc":{"start":{"line":6,"column":0},"end":{"line":23,"column":1}},"doc":"","exports":[{"type":"ExportDefaultDeclaration"}]},"updatedAt":"2024-11-11T11:33:53.747Z"},{"_allAttributes":null,"_properties":null,"_methods":null,"file":"c:/Users/SAYYAPUREDDYSAI/OneDrive - IBM/Desktop/salesforce/portfolio/force-app/main/default/lwc/footerComponent/footerComponent.js","metadata":{"decorators":[],"classMembers":[],"declarationLoc":{"start":{"line":3,"column":0},"end":{"line":3,"column":64}},"doc":"","exports":[{"type":"ExportDefaultDeclaration"}]},"updatedAt":"2024-11-11T11:33:54.031Z"},{"_allAttributes":null,"_properties":null,"_methods":null,"file":"c:/Users/SAYYAPUREDDYSAI/OneDrive - IBM/Desktop/salesforce/portfolio/force-app/main/default/lwc/licAPP/licAPP.js","metadata":{"decorators":[],"classMembers":[{"name":"LOGO","type":"property","value":{"type":"unresolved"},"loc":{"start":{"line":7,"column":4},"end":{"line":7,"column":19}}},{"name":"handleNavigation","type":"method","loc":{"start":{"line":10,"column":4},"end":{"line":37,"column":5}}}],"declarationLoc":{"start":{"line":5,"column":0},"end":{"line":38,"column":1}},"doc":"","exports":[{"type":"ExportDefaultDeclaration"}]},"updatedAt":"2024-11-11T11:33:54.315Z"},{"_allAttributes":null,"_properties":null,"_methods":null,"file":"c:/Users/SAYYAPUREDDYSAI/OneDrive - IBM/Desktop/salesforce/portfolio/force-app/main/default/lwc/licHeader/licHeader.js","metadata":{"decorators":[{"type":"track","targets":[{"name":"showModal","type":"property"},{"name":"personInfo","type":"property"}]}],"classMembers":[{"name":"showModal","type":"property","value":{"type":"boolean","value":false},"decorator":"track","loc":{"start":{"line":6,"column":4},"end":{"line":6,"column":29}}},{"name":"personInfo","type":"property","value":{"type":"object","value":{}},"decorator":"track","loc":{"start":{"line":7,"column":4},"end":{"line":7,"column":27}}},{"name":"connectedCallback","type":"method","loc":{"start":{"line":9,"column":4},"end":{"line":11,"column":5}}},{"name":"loadDataFromSession","type":"method","loc":{"start":{"line":13,"column":4},"end":{"line":39,"column":5}}},{"name":"profileHandler","type":"method","loc":{"start":{"line":41,"column":4},"end":{"line":44,"column":5}}},{"name":"closeModal","type":"method","loc":{"start":{"line":46,"column":4},"end":{"line":48,"column":5}}},{"name":"logoutHandler","type":"method","loc":{"start":{"line":50,"column":4},"end":{"line":71,"column":5}}},{"name":"showToast","type":"method","loc":{"start":{"line":73,"column":4},"end":{"line":80,"column":5}}}],"declarationLoc":{"start":{"line":5,"column":0},"end":{"line":81,"column":1}},"doc":"","exports":[{"type":"ExportDefaultDeclaration"}]},"updatedAt":"2024-11-11T11:33:54.632Z"},{"_allAttributes":null,"_properties":null,"_methods":null,"file":"c:/Users/SAYYAPUREDDYSAI/OneDrive - IBM/Desktop/salesforce/portfolio/force-app/main/default/lwc/mainContent/mainContent.js","metadata":{"decorators":[{"type":"track","targets":[{"name":"accountInfo","type":"property"},{"name":"error","type":"property"}]}],"classMembers":[{"name":"accountInfo","type":"property","decorator":"track","loc":{"start":{"line":5,"column":4},"end":{"line":5,"column":25}}},{"name":"error","type":"property","decorator":"track","loc":{"start":{"line":6,"column":4},"end":{"line":6,"column":17}}},{"name":"connectedCallback","type":"method","loc":{"start":{"line":8,"column":4},"end":{"line":10,"column":5}}},{"name":"loadDataFromSession","type":"method","loc":{"start":{"line":12,"column":4},"end":{"line":29,"column":5}}},{"name":"showToast","type":"method","loc":{"start":{"line":31,"column":4},"end":{"line":38,"column":5}}},{"name":"navigateTo","type":"method","loc":{"start":{"line":40,"column":4},"end":{"line":44,"column":5}}},{"name":"handleButtonClick","type":"method","loc":{"start":{"line":46,"column":4},"end":{"line":50,"column":5}}}],"declarationLoc":{"start":{"line":4,"column":0},"end":{"line":51,"column":1}},"doc":"","exports":[{"type":"ExportDefaultDeclaration"}]},"updatedAt":"2024-11-11T11:33:55.158Z"},{"_allAttributes":null,"_properties":null,"_methods":null,"file":"c:/Users/SAYYAPUREDDYSAI/OneDrive - IBM/Desktop/salesforce/portfolio/force-app/main/default/lwc/navBar/navBar.js","metadata":{"decorators":[{"type":"track","targets":[{"name":"isSidebarClosed","type":"property"}]}],"classMembers":[{"name":"isSidebarClosed","type":"property","value":{"type":"boolean","value":false},"decorator":"track","loc":{"start":{"line":4,"column":4},"end":{"line":4,"column":35}}},{"name":"sidebarClass","type":"property","loc":{"start":{"line":6,"column":4},"end":{"line":8,"column":5}}},{"name":"toggleIcon","type":"property","loc":{"start":{"line":10,"column":4},"end":{"line":12,"column":5}}},{"name":"toggleSidebar","type":"method","loc":{"start":{"line":14,"column":4},"end":{"line":17,"column":5}}},{"name":"AccountsHandler","type":"method","loc":{"start":{"line":19,"column":4},"end":{"line":22,"column":5}}},{"name":"documentsHandler","type":"method","loc":{"start":{"line":24,"column":4},"end":{"line":27,"column":5}}},{"name":"navigateTo","type":"method","loc":{"start":{"line":29,"column":4},"end":{"line":32,"column":5}}}],"declarationLoc":{"start":{"line":3,"column":0},"end":{"line":35,"column":1}},"doc":"","exports":[{"type":"ExportDefaultDeclaration"}]},"updatedAt":"2024-11-11T11:33:55.396Z"},{"_allAttributes":null,"_properties":null,"_methods":null,"file":"c:/Users/SAYYAPUREDDYSAI/OneDrive - IBM/Desktop/salesforce/portfolio/force-app/main/default/lwc/paymentPage/paymentPage.js","metadata":{"decorators":[],"classMembers":[{"name":"payments","type":"property","loc":{"start":{"line":6,"column":4},"end":{"line":6,"column":16}}},{"name":"connectedCallback","type":"method","loc":{"start":{"line":7,"column":4},"end":{"line":9,"column":5}}},{"name":"loadDataFromsession","type":"method","loc":{"start":{"line":10,"column":4},"end":{"line":31,"column":5}}}],"declarationLoc":{"start":{"line":3,"column":0},"end":{"line":32,"column":1}},"doc":"","exports":[{"type":"ExportDefaultDeclaration"}]},"updatedAt":"2024-11-11T11:33:55.681Z"},{"_allAttributes":null,"_properties":null,"_methods":null,"file":"c:/Users/SAYYAPUREDDYSAI/OneDrive - IBM/Desktop/salesforce/portfolio/force-app/main/default/lwc/personalInformation/personalInformation.js","metadata":{"decorators":[],"classMembers":[{"name":"personInfo","type":"property","loc":{"start":{"line":5,"column":4},"end":{"line":5,"column":20}}},{"name":"connectedCallback","type":"method","loc":{"start":{"line":7,"column":4},"end":{"line":9,"column":5}}},{"name":"loadDataFromsession","type":"method","loc":{"start":{"line":10,"column":4},"end":{"line":31,"column":5}}}],"declarationLoc":{"start":{"line":3,"column":0},"end":{"line":32,"column":1}},"doc":"","exports":[{"type":"ExportDefaultDeclaration"}]},"updatedAt":"2024-11-11T11:33:55.966Z"},{"_allAttributes":null,"_properties":null,"_methods":null,"file":"c:/Users/SAYYAPUREDDYSAI/OneDrive - IBM/Desktop/salesforce/portfolio/force-app/main/default/lwc/loginComponent/loginComponent.js","metadata":{"decorators":[{"type":"track","targets":[{"name":"username","type":"property"},{"name":"password","type":"property"},{"name":"showError","type":"property"},{"name":"errorMsg","type":"property"}]}],"classMembers":[{"name":"username","type":"property","decorator":"track","loc":{"start":{"line":7,"column":4},"end":{"line":7,"column":20}}},{"name":"password","type":"property","decorator":"track","loc":{"start":{"line":8,"column":4},"end":{"line":8,"column":20}}},{"name":"showError","type":"property","value":{"type":"boolean","value":false},"decorator":"track","loc":{"start":{"line":9,"column":4},"end":{"line":9,"column":29}}},{"name":"errorMsg","type":"property","decorator":"track","loc":{"start":{"line":10,"column":4},"end":{"line":10,"column":23}}},{"name":"handleInputChange","type":"method","loc":{"start":{"line":12,"column":4},"end":{"line":19,"column":5}}},{"name":"isNotEmpty","type":"method","loc":{"start":{"line":22,"column":4},"end":{"line":24,"column":5}}},{"name":"login","type":"method","loc":{"start":{"line":26,"column":4},"end":{"line":56,"column":5}}},{"name":"navigateToApp","type":"method","loc":{"start":{"line":59,"column":4},"end":{"line":70,"column":5}}},{"name":"handleError","type":"method","loc":{"start":{"line":73,"column":4},"end":{"line":77,"column":5}}}],"declarationLoc":{"start":{"line":6,"column":0},"end":{"line":78,"column":1}},"doc":"","exports":[{"type":"ExportDefaultDeclaration"}]},"updatedAt":"2024-11-11T11:55:50.336Z"},{"_allAttributes":null,"_properties":null,"_methods":null,"file":"c:/Users/SAYYAPUREDDYSAI/OneDrive - IBM/Desktop/salesforce/portfolio/force-app/main/default/lwc/userInfoFromMyOrg/userInfoFromMyOrg.js","metadata":{"decorators":[{"type":"track","targets":[{"name":"users","type":"property"},{"name":"error","type":"property"}]}],"classMembers":[{"name":"users","type":"property","decorator":"track","loc":{"start":{"line":7,"column":4},"end":{"line":7,"column":17}}},{"name":"error","type":"property","decorator":"track","loc":{"start":{"line":8,"column":4},"end":{"line":8,"column":17}}},{"name":"columns","type":"property","loc":{"start":{"line":10,"column":4},"end":{"line":22,"column":6}}}],"declarationLoc":{"start":{"line":4,"column":0},"end":{"line":24,"column":1}},"doc":"","exports":[{"type":"ExportDefaultDeclaration"}]},"updatedAt":"2024-11-11T11:33:56.204Z"},{"_allAttributes":null,"_properties":null,"_methods":null,"file":"c:/Users/SAYYAPUREDDYSAI/OneDrive - IBM/Desktop/salesforce/portfolio/force-app/main/default/lwc/currencyConverter/currencyConverter.js","metadata":{"decorators":[],"classMembers":[{"name":"currencyConverterImg","type":"property","value":{"type":"unresolved"},"loc":{"start":{"line":6,"column":4},"end":{"line":6,"column":91}}},{"name":"COUNTRYCODELIST","type":"property","value":{"type":"unresolved"},"loc":{"start":{"line":7,"column":4},"end":{"line":7,"column":38}}},{"name":"countryFrom","type":"property","value":{"type":"string","value":"USD"},"loc":{"start":{"line":9,"column":4},"end":{"line":9,"column":24}}},{"name":"countryTo","type":"property","value":{"type":"string","value":"EUR"},"loc":{"start":{"line":10,"column":4},"end":{"line":10,"column":22}}},{"name":"amount","type":"property","loc":{"start":{"line":11,"column":4},"end":{"line":11,"column":12}}},{"name":"result","type":"property","loc":{"start":{"line":12,"column":4},"end":{"line":12,"column":11}}},{"name":"error","type":"property","loc":{"start":{"line":13,"column":4},"end":{"line":13,"column":10}}},{"name":"handleChange","type":"method","loc":{"start":{"line":16,"column":4},"end":{"line":34,"column":5}}},{"name":"submitHandler","type":"method","loc":{"start":{"line":37,"column":4},"end":{"line":41,"column":5}}},{"name":"convert","type":"method","loc":{"start":{"line":43,"column":4},"end":{"line":69,"column":5}}}],"declarationLoc":{"start":{"line":4,"column":0},"end":{"line":70,"column":1}},"doc":"","exports":[{"type":"ExportDefaultDeclaration"}]},"updatedAt":"2024-11-21T07:05:58.697Z"},{"_allAttributes":null,"_properties":null,"_methods":null,"file":"c:/Users/SAYYAPUREDDYSAI/OneDrive - IBM/Desktop/salesforce/portfolio/force-app/main/default/lwc/weatherApp/weatherApp.js","metadata":{"decorators":[{"type":"track","targets":[{"name":"city","type":"property"}]}],"classMembers":[{"name":"city","type":"property","decorator":"track","loc":{"start":{"line":6,"column":4},"end":{"line":6,"column":21}}},{"name":"isError","type":"property","value":{"type":"boolean","value":false},"loc":{"start":{"line":7,"column":4},"end":{"line":7,"column":20}}},{"name":"result","type":"property","value":{"type":"null","value":null},"loc":{"start":{"line":8,"column":4},"end":{"line":8,"column":18}}},{"name":"loadingText","type":"property","value":{"type":"string","value":""},"loc":{"start":{"line":9,"column":4},"end":{"line":9,"column":21}}},{"name":"showResult","type":"property","value":{"type":"boolean","value":false},"loc":{"start":{"line":10,"column":4},"end":{"line":10,"column":21}}},{"name":"LoadingTextStyle","type":"property","loc":{"start":{"line":13,"column":4},"end":{"line":15,"column":5}}},{"name":"inputHandler","type":"method","loc":{"start":{"line":17,"column":4},"end":{"line":20,"column":5}}},{"name":"submitHandler","type":"method","loc":{"start":{"line":22,"column":4},"end":{"line":27,"column":5}}},{"name":"fetchData","type":"method","loc":{"start":{"line":29,"column":4},"end":{"line":70,"column":5}}},{"name":"finalData","type":"method","loc":{"start":{"line":72,"column":4},"end":{"line":84,"column":5}}},{"name":"goBackInParent","type":"method","loc":{"start":{"line":86,"column":4},"end":{"line":93,"column":5}}}],"declarationLoc":{"start":{"line":5,"column":0},"end":{"line":94,"column":1}},"doc":"","exports":[{"type":"ExportDefaultDeclaration"}]},"updatedAt":"2024-11-22T12:18:39.136Z"},{"_allAttributes":null,"_properties":null,"_methods":null,"file":"c:/Users/SAYYAPUREDDYSAI/OneDrive - IBM/Desktop/salesforce/portfolio/force-app/main/default/lwc/weatherResultCard/weatherResultCard.js","metadata":{"decorators":[{"type":"api","targets":[{"name":"weatherData","type":"property","value":{"type":"unresolved"}}]}],"classMembers":[{"name":"clearIcon","type":"property","value":{"type":"unresolved"},"loc":{"start":{"line":6,"column":2},"end":{"line":6,"column":56}}},{"name":"cloudIcon","type":"property","value":{"type":"unresolved"},"loc":{"start":{"line":7,"column":2},"end":{"line":7,"column":56}}},{"name":"dropletIcon","type":"property","value":{"type":"unresolved"},"loc":{"start":{"line":8,"column":2},"end":{"line":8,"column":60}}},{"name":"hazeIcon","type":"property","value":{"type":"unresolved"},"loc":{"start":{"line":9,"column":2},"end":{"line":9,"column":54}}},{"name":"mapIcon","type":"property","value":{"type":"unresolved"},"loc":{"start":{"line":10,"column":2},"end":{"line":10,"column":52}}},{"name":"rainIcon","type":"property","value":{"type":"unresolved"},"loc":{"start":{"line":11,"column":2},"end":{"line":11,"column":54}}},{"name":"snowIcon","type":"property","value":{"type":"unresolved"},"loc":{"start":{"line":12,"column":2},"end":{"line":12,"column":54}}},{"name":"stormIcon","type":"property","value":{"type":"unresolved"},"loc":{"start":{"line":13,"column":2},"end":{"line":13,"column":56}}},{"name":"thermometerIcon","type":"property","value":{"type":"unresolved"},"loc":{"start":{"line":14,"column":2},"end":{"line":14,"column":68}}},{"name":"arrowBackIcon","type":"property","value":{"type":"unresolved"},"loc":{"start":{"line":15,"column":2},"end":{"line":15,"column":65}}},{"name":"weatherData","type":"property","value":{"type":"unresolved"},"decorator":"api","loc":{"start":{"line":18,"column":4},"end":{"line":18,"column":21}}},{"name":"response","type":"property","loc":{"start":{"line":19,"column":4},"end":{"line":19,"column":13}}},{"name":"weatherIcon","type":"property","loc":{"start":{"line":20,"column":4},"end":{"line":20,"column":16}}},{"name":"error","type":"property","loc":{"start":{"line":21,"column":4},"end":{"line":21,"column":10}}},{"name":"connectedCallback","type":"method","loc":{"start":{"line":23,"column":4},"end":{"line":26,"column":5}}},{"name":"goBack","type":"method","loc":{"start":{"line":28,"column":4},"end":{"line":33,"column":5}}},{"name":"formatData","type":"method","loc":{"start":{"line":35,"column":4},"end":{"line":85,"column":5}}}],"declarationLoc":{"start":{"line":4,"column":0},"end":{"line":86,"column":1}},"doc":"","exports":[{"type":"ExportDefaultDeclaration"}]},"updatedAt":"2024-11-22T08:57:50.959Z"},{"_allAttributes":null,"_properties":null,"_methods":null,"file":"c:/Users/SAYYAPUREDDYSAI/OneDrive - IBM/Desktop/salesforce/portfolio/force-app/main/default/lwc/noteTakingApp/noteTakingApp.js","metadata":{"decorators":[{"type":"wire","targets":[{"type":"method","name":"notesList","static":{},"params":{},"adapter":{"name":"getNotes","reference":"@salesforce/apex/NoteController.getNotes"}}]}],"classMembers":[{"name":"DEFAULT_NOTE_FORM","type":"property","value":{"type":"object","value":{"Name":{"type":"string","value":""},"Note_Description__c":{"type":"string","value":""}}},"loc":{"start":{"line":11,"column":4},"end":{"line":14,"column":6}}},{"name":"notesArray","type":"property","loc":{"start":{"line":16,"column":4},"end":{"line":16,"column":20}}},{"name":"selectedRecordId","type":"property","loc":{"start":{"line":17,"column":4},"end":{"line":17,"column":21}}},{"name":"noteRecord","type":"property","value":{"type":"object","value":{}},"loc":{"start":{"line":20,"column":4},"end":{"line":20,"column":47}}},{"name":"showModal","type":"property","value":{"type":"boolean","value":false},"loc":{"start":{"line":21,"column":4},"end":{"line":21,"column":22}}},{"name":"wiredResult","type":"property","loc":{"start":{"line":22,"column":4},"end":{"line":22,"column":16}}},{"name":"formats","type":"property","loc":{"start":{"line":23,"column":4},"end":{"line":26,"column":6}}},{"name":"notesList","type":"method","decorator":"wire","loc":{"start":{"line":29,"column":4},"end":{"line":46,"column":5}}},{"name":"validateInput","type":"property","loc":{"start":{"line":49,"column":4},"end":{"line":51,"column":5}}},{"name":"modalName","type":"property","loc":{"start":{"line":53,"column":4},"end":{"line":55,"column":5}}},{"name":"inputChangeHandler","type":"method","loc":{"start":{"line":58,"column":4},"end":{"line":61,"column":5}}},{"name":"createNoteHandler","type":"method","loc":{"start":{"line":64,"column":4},"end":{"line":66,"column":5}}},{"name":"closeModal","type":"method","loc":{"start":{"line":69,"column":4},"end":{"line":73,"column":5}}},{"name":"resetForm","type":"method","loc":{"start":{"line":76,"column":4},"end":{"line":78,"column":5}}},{"name":"submitHandler","type":"method","loc":{"start":{"line":81,"column":4},"end":{"line":92,"column":5}}},{"name":"insertNote","type":"method","loc":{"start":{"line":95,"column":4},"end":{"line":109,"column":5}}},{"name":"showToastMessage","type":"method","loc":{"start":{"line":112,"column":4},"end":{"line":117,"column":5}}},{"name":"editHandler","type":"method","loc":{"start":{"line":119,"column":4},"end":{"line":133,"column":5}}},{"name":"updateRecord","type":"method","loc":{"start":{"line":135,"column":4},"end":{"line":149,"column":5}}},{"name":"refresh","type":"method","loc":{"start":{"line":151,"column":4},"end":{"line":154,"column":5}}},{"name":"deleteNoteHandler","type":"method","loc":{"start":{"line":155,"column":4},"end":{"line":159,"column":5}}},{"name":"handelConfirm","type":"method","loc":{"start":{"line":160,"column":4},"end":{"line":178,"column":5}}},{"name":"deleteNotes","type":"method","loc":{"start":{"line":179,"column":4},"end":{"line":192,"column":5}}}],"declarationLoc":{"start":{"line":9,"column":0},"end":{"line":194,"column":1}},"doc":"","exports":[{"type":"ExportDefaultDeclaration"}]},"updatedAt":"2024-11-25T12:16:33.274Z"},{"_allAttributes":null,"_properties":null,"_methods":null,"file":"c:/Users/SAYYAPUREDDYSAI/OneDrive - IBM/Desktop/salesforce/portfolio/force-app/main/default/lwc/modal/modal.js","metadata":{"decorators":[],"classMembers":[],"declarationLoc":{"start":{"line":3,"column":0},"end":{"line":3,"column":54}},"doc":"","exports":[{"type":"ExportDefaultDeclaration"}]},"updatedAt":"2024-11-24T14:19:50.385Z"},{"_allAttributes":null,"_properties":null,"_methods":null,"file":"c:/Users/SAYYAPUREDDYSAI/OneDrive - IBM/Desktop/salesforce/portfolio/force-app/main/default/lwc/notification/notification.js","metadata":{"decorators":[{"type":"api","targets":[{"type":"method","name":"showToast"}]}],"classMembers":[{"name":"showToastMessage","type":"property","value":{"type":"boolean","value":false},"loc":{"start":{"line":4,"column":4},"end":{"line":4,"column":27}}},{"name":"message","type":"property","loc":{"start":{"line":5,"column":4},"end":{"line":5,"column":11}}},{"name":"correctVariant","type":"property","loc":{"start":{"line":7,"column":4},"end":{"line":14,"column":5}}},{"name":"showToast","type":"method","decorator":"api","loc":{"start":{"line":17,"column":4},"end":{"line":26,"column":5}}}],"declarationLoc":{"start":{"line":3,"column":0},"end":{"line":27,"column":1}},"doc":"","exports":[{"type":"ExportDefaultDeclaration"}]},"updatedAt":"2024-11-24T16:55:20.658Z"},{"_allAttributes":null,"_properties":null,"_methods":null,"file":"c:/Users/SAYYAPUREDDYSAI/OneDrive - IBM/Desktop/salesforce/portfolio/force-app/main/default/lwc/appendHtml/appendHtml.js","metadata":{"decorators":[{"type":"api","targets":[{"name":"result","type":"property"}]}],"classMembers":[{"name":"show","type":"property","value":{"type":"boolean","value":false},"loc":{"start":{"line":7,"column":4},"end":{"line":7,"column":17}}},{"name":"result","type":"property","decorator":"api","loc":{"start":{"line":9,"column":4},"end":{"line":12,"column":5}}},{"name":"renderedCallback","type":"method","loc":{"start":{"line":22,"column":4},"end":{"line":27,"column":5}}},{"name":"appendHtml","type":"method","loc":{"start":{"line":28,"column":4},"end":{"line":35,"column":5}}}],"declarationLoc":{"start":{"line":3,"column":0},"end":{"line":36,"column":1}},"doc":"","exports":[{"type":"ExportDefaultDeclaration"}]},"updatedAt":"2024-11-25T11:20:46.349Z"},{"_allAttributes":null,"_properties":null,"_methods":null,"file":"c:/Users/SAYYAPUREDDYSAI/OneDrive - IBM/Desktop/salesforce/portfolio/force-app/main/default/lwc/portfolioBanner/portfolioBanner.js","metadata":{"decorators":[{"type":"api","targets":[{"name":"recordId","type":"property","value":{"type":"unresolved"}},{"name":"linkedinUrl","type":"property","value":{"type":"unresolved"}},{"name":"twitterUrl","type":"property","value":{"type":"unresolved"}},{"name":"githubUrl","type":"property","value":{"type":"unresolved"}},{"name":"youtubeUrl","type":"property","value":{"type":"unresolved"}},{"name":"trailheadUrl","type":"property","value":{"type":"unresolved"}},{"name":"blogUrl","type":"property","value":{"type":"unresolved"}}]},{"type":"wire","targets":[{"type":"method","name":"wiredRecord","static":{"fields":{"type":"array","value":[null,null,null,null]}},"params":{"recordId":"recordId"},"adapter":{"name":"getRecord","reference":"lightning/uiRecordApi"}}]}],"classMembers":[{"name":"recordId","type":"property","value":{"type":"unresolved"},"decorator":"api","loc":{"start":{"line":13,"column":4},"end":{"line":13,"column":18}}},{"name":"linkedinUrl","type":"property","value":{"type":"unresolved"},"decorator":"api","loc":{"start":{"line":14,"column":4},"end":{"line":14,"column":21}}},{"name":"twitterUrl","type":"property","value":{"type":"unresolved"},"decorator":"api","loc":{"start":{"line":15,"column":4},"end":{"line":15,"column":20}}},{"name":"githubUrl","type":"property","value":{"type":"unresolved"},"decorator":"api","loc":{"start":{"line":16,"column":4},"end":{"line":16,"column":19}}},{"name":"youtubeUrl","type":"property","value":{"type":"unresolved"},"decorator":"api","loc":{"start":{"line":17,"column":4},"end":{"line":17,"column":20}}},{"name":"trailheadUrl","type":"property","value":{"type":"unresolved"},"decorator":"api","loc":{"start":{"line":18,"column":4},"end":{"line":18,"column":22}}},{"name":"blogUrl","type":"property","value":{"type":"unresolved"},"decorator":"api","loc":{"start":{"line":19,"column":4},"end":{"line":19,"column":17}}},{"name":"userPic","type":"property","value":{"type":"unresolved"},"loc":{"start":{"line":21,"column":4},"end":{"line":21,"column":63}}},{"name":"linkedin","type":"property","value":{"type":"unresolved"},"loc":{"start":{"line":22,"column":4},"end":{"line":22,"column":71}}},{"name":"youtube","type":"property","value":{"type":"unresolved"},"loc":{"start":{"line":23,"column":4},"end":{"line":23,"column":69}}},{"name":"github","type":"property","value":{"type":"unresolved"},"loc":{"start":{"line":24,"column":4},"end":{"line":24,"column":67}}},{"name":"twitter","type":"property","value":{"type":"unresolved"},"loc":{"start":{"line":25,"column":4},"end":{"line":25,"column":69}}},{"name":"trailhead","type":"property","value":{"type":"unresolved"},"loc":{"start":{"line":26,"column":4},"end":{"line":26,"column":74}}},{"name":"blog","type":"property","value":{"type":"unresolved"},"loc":{"start":{"line":27,"column":4},"end":{"line":27,"column":66}}},{"name":"bannerImg","type":"property","value":{"type":"unresolved"},"loc":{"start":{"line":29,"column":4},"end":{"line":29,"column":25}}},{"name":"fullName","type":"property","loc":{"start":{"line":32,"column":4},"end":{"line":32,"column":12}}},{"name":"companyName","type":"property","loc":{"start":{"line":33,"column":4},"end":{"line":33,"column":15}}},{"name":"companyLocation","type":"property","loc":{"start":{"line":34,"column":4},"end":{"line":34,"column":19}}},{"name":"designation","type":"property","loc":{"start":{"line":35,"column":4},"end":{"line":35,"column":15}}},{"name":"wiredRecord","type":"method","decorator":"wire","loc":{"start":{"line":39,"column":4},"end":{"line":52,"column":5}}}],"declarationLoc":{"start":{"line":11,"column":0},"end":{"line":58,"column":1}},"doc":"","exports":[{"type":"ExportDefaultDeclaration"}]},"updatedAt":"2024-12-04T09:59:56.612Z"},{"_allAttributes":null,"_properties":null,"_methods":null,"file":"c:/Users/SAYYAPUREDDYSAI/OneDrive - IBM/Desktop/salesforce/portfolio/force-app/main/default/lwc/portfolioCertifications/portfolioCertifications.js","metadata":{"decorators":[{"type":"api","targets":[{"name":"recordId","type":"property","value":{"type":"unresolved"}}]},{"type":"wire","targets":[{"type":"method","name":"cartifiactionsData","static":{"fields":{"type":"array","value":[null,null]}},"params":{"recordId":"recordId"},"adapter":{"name":"getRecord","reference":"lightning/uiRecordApi"}}]}],"classMembers":[{"name":"recordId","type":"property","value":{"type":"unresolved"},"decorator":"api","loc":{"start":{"line":8,"column":4},"end":{"line":8,"column":18}}},{"name":"certLogo","type":"property","value":{"type":"unresolved"},"loc":{"start":{"line":9,"column":4},"end":{"line":9,"column":66}}},{"name":"sfcert","type":"property","loc":{"start":{"line":10,"column":4},"end":{"line":10,"column":14}}},{"name":"othercert","type":"property","loc":{"start":{"line":11,"column":4},"end":{"line":11,"column":17}}},{"name":"cartifiactionsData","type":"method","decorator":"wire","loc":{"start":{"line":12,"column":4},"end":{"line":24,"column":5}}},{"name":"formatData","type":"method","loc":{"start":{"line":25,"column":4},"end":{"line":38,"column":13}}}],"declarationLoc":{"start":{"line":6,"column":0},"end":{"line":41,"column":1}},"doc":"","exports":[{"type":"ExportDefaultDeclaration"}]},"updatedAt":"2024-11-29T08:01:59.564Z"},{"_allAttributes":null,"_properties":null,"_methods":null,"file":"c:/Users/SAYYAPUREDDYSAI/OneDrive - IBM/Desktop/salesforce/portfolio/force-app/main/default/lwc/portfolioEducationWrapper/portfolioEducationWrapper.js","metadata":{"decorators":[{"type":"api","targets":[{"name":"recordId","type":"property","value":{"type":"unresolved"}}]},{"type":"wire","targets":[{"type":"method","name":"educationRecordsList","static":{"relatedListId":{"type":"string","value":"Educations__r"},"fields":{"type":"array","value":["Education__c.Institute__c","Education__c.Title__c","Education__c.Passing_Year__c"]},"sortBy":{"type":"string","value":"Education__c.Passing_Year__c"}},"params":{"parentRecordId":"recordId"},"adapter":{"name":"getRelatedListRecords","reference":"lightning/uiRelatedListApi"}}]}],"classMembers":[{"name":"recordId","type":"property","value":{"type":"unresolved"},"decorator":"api","loc":{"start":{"line":5,"column":4},"end":{"line":5,"column":18}}},{"name":"educationData","type":"property","loc":{"start":{"line":6,"column":4},"end":{"line":6,"column":20}}},{"name":"columns","type":"property","loc":{"start":{"line":8,"column":4},"end":{"line":24,"column":6}}},{"name":"educationRecordsList","type":"method","decorator":"wire","loc":{"start":{"line":27,"column":4},"end":{"line":44,"column":5}}},{"name":"formatData","type":"method","loc":{"start":{"line":46,"column":4},"end":{"line":60,"column":5}}}],"declarationLoc":{"start":{"line":4,"column":0},"end":{"line":62,"column":1}},"doc":"","exports":[{"type":"ExportDefaultDeclaration"}]},"updatedAt":"2024-11-28T14:34:22.451Z"},{"_allAttributes":null,"_properties":null,"_methods":null,"file":"c:/Users/SAYYAPUREDDYSAI/OneDrive - IBM/Desktop/salesforce/portfolio/force-app/main/default/lwc/portfolioOtherWrapper/portfolioOtherWrapper.js","metadata":{"decorators":[{"type":"api","targets":[{"name":"recordId","type":"property","value":{"type":"unresolved"}}]},{"type":"wire","targets":[{"type":"method","name":"otherDetailsList","static":{"fields":{"type":"array","value":[null,null,null]}},"params":{"recordId":"recordId"},"adapter":{"name":"getRecord","reference":"lightning/uiRecordApi"}}]}],"classMembers":[{"name":"trophy","type":"property","value":{"type":"unresolved"},"loc":{"start":{"line":9,"column":4},"end":{"line":9,"column":61}}},{"name":"badge","type":"property","value":{"type":"unresolved"},"loc":{"start":{"line":10,"column":4},"end":{"line":10,"column":59}}},{"name":"language","type":"property","value":{"type":"unresolved"},"loc":{"start":{"line":11,"column":4},"end":{"line":11,"column":65}}},{"name":"recordId","type":"property","value":{"type":"unresolved"},"decorator":"api","loc":{"start":{"line":14,"column":4},"end":{"line":14,"column":18}}},{"name":"awards","type":"property","loc":{"start":{"line":15,"column":4},"end":{"line":15,"column":14}}},{"name":"superBadges","type":"property","loc":{"start":{"line":16,"column":4},"end":{"line":16,"column":19}}},{"name":"languages","type":"property","loc":{"start":{"line":17,"column":4},"end":{"line":17,"column":17}}},{"name":"otherDetailsList","type":"method","decorator":"wire","loc":{"start":{"line":19,"column":4},"end":{"line":34,"column":5}}},{"name":"formatData","type":"method","loc":{"start":{"line":36,"column":4},"end":{"line":42,"column":5}}}],"declarationLoc":{"start":{"line":7,"column":0},"end":{"line":44,"column":1}},"doc":"","exports":[{"type":"ExportDefaultDeclaration"}]},"updatedAt":"2024-11-29T09:06:23.180Z"},{"_allAttributes":null,"_properties":null,"_methods":null,"file":"c:/Users/SAYYAPUREDDYSAI/OneDrive - IBM/Desktop/salesforce/portfolio/force-app/main/default/lwc/portfolioProjectsWrapper/portfolioProjectsWrapper.js","metadata":{"decorators":[],"classMembers":[{"name":"BMICalculator","type":"property","value":{"type":"unresolved"},"loc":{"start":{"line":6,"column":4},"end":{"line":6,"column":83}}},{"name":"CurrencyCalculator","type":"property","value":{"type":"unresolved"},"loc":{"start":{"line":7,"column":4},"end":{"line":7,"column":93}}},{"name":"WeatherApp","type":"property","value":{"type":"unresolved"},"loc":{"start":{"line":8,"column":4},"end":{"line":8,"column":77}}},{"name":"SurveyApp","type":"property","value":{"type":"unresolved"},"loc":{"start":{"line":9,"column":4},"end":{"line":9,"column":72}}},{"name":"NoteApp","type":"property","value":{"type":"unresolved"},"loc":{"start":{"line":10,"column":4},"end":{"line":10,"column":77}}},{"name":"projects","type":"property","loc":{"start":{"line":13,"column":4},"end":{"line":39,"column":5}}}],"declarationLoc":{"start":{"line":4,"column":0},"end":{"line":49,"column":1}},"doc":"","exports":[{"type":"ExportDefaultDeclaration"}]},"updatedAt":"2024-11-27T12:07:38.320Z"},{"_allAttributes":null,"_properties":null,"_methods":null,"file":"c:/Users/SAYYAPUREDDYSAI/OneDrive - IBM/Desktop/salesforce/portfolio/force-app/main/default/lwc/portfolioSkills/portfolioSkills.js","metadata":{"decorators":[{"type":"api","targets":[{"name":"recordId","type":"property","value":{"type":"unresolved"}}]},{"type":"wire","targets":[{"type":"method","name":"portfolioRecorddetails","static":{"fields":{"type":"array","value":[null,null,null,null]}},"params":{"recordId":"recordId"},"adapter":{"name":"getRecord","reference":"lightning/uiRecordApi"}}]}],"classMembers":[{"name":"recordId","type":"property","value":{"type":"unresolved"},"decorator":"api","loc":{"start":{"line":9,"column":4},"end":{"line":9,"column":18}}},{"name":"softSkills","type":"property","loc":{"start":{"line":11,"column":4},"end":{"line":11,"column":18}}},{"name":"softwareTools","type":"property","loc":{"start":{"line":12,"column":4},"end":{"line":12,"column":21}}},{"name":"technicalSkills","type":"property","loc":{"start":{"line":13,"column":4},"end":{"line":13,"column":23}}},{"name":"methodology","type":"property","loc":{"start":{"line":14,"column":4},"end":{"line":14,"column":19}}},{"name":"portfolioRecorddetails","type":"method","decorator":"wire","loc":{"start":{"line":17,"column":4},"end":{"line":27,"column":5}}},{"name":"formatData","type":"method","loc":{"start":{"line":30,"column":4},"end":{"line":37,"column":5}}}],"declarationLoc":{"start":{"line":7,"column":0},"end":{"line":39,"column":1}},"doc":"","exports":[{"type":"ExportDefaultDeclaration"}]},"updatedAt":"2024-11-28T09:29:20.121Z"},{"_allAttributes":null,"_properties":null,"_methods":null,"file":"c:/Users/SAYYAPUREDDYSAI/OneDrive - IBM/Desktop/salesforce/portfolio/force-app/main/default/lwc/portfolioStats/portfolioStats.js","metadata":{"decorators":[{"type":"api","targets":[{"name":"badges","type":"property","value":{"type":"unresolved"}},{"name":"points","type":"property","value":{"type":"unresolved"}},{"name":"trails","type":"property","value":{"type":"unresolved"}},{"name":"trailheadRank","type":"property","value":{"type":"unresolved"}}]}],"classMembers":[{"name":"badges","type":"property","value":{"type":"unresolved"},"decorator":"api","loc":{"start":{"line":5,"column":3},"end":{"line":5,"column":14}}},{"name":"points","type":"property","value":{"type":"unresolved"},"decorator":"api","loc":{"start":{"line":6,"column":3},"end":{"line":6,"column":14}}},{"name":"trails","type":"property","value":{"type":"unresolved"},"decorator":"api","loc":{"start":{"line":7,"column":3},"end":{"line":7,"column":14}}},{"name":"trailheadRank","type":"property","value":{"type":"unresolved"},"decorator":"api","loc":{"start":{"line":8,"column":3},"end":{"line":8,"column":21}}},{"name":"trailheadRankimage","type":"property","loc":{"start":{"line":11,"column":3},"end":{"line":13,"column":2}}}],"declarationLoc":{"start":{"line":3,"column":0},"end":{"line":25,"column":1}},"doc":"","exports":[{"type":"ExportDefaultDeclaration"}]},"updatedAt":"2024-11-26T14:20:34.268Z"},{"_allAttributes":null,"_properties":null,"_methods":null,"file":"c:/Users/SAYYAPUREDDYSAI/OneDrive - IBM/Desktop/salesforce/portfolio/force-app/main/default/lwc/portfolioStringToHtmlConverter/portfolioStringToHtmlConverter.js","metadata":{"decorators":[{"type":"api","targets":[{"name":"htmlString","type":"property","value":{"type":"unresolved"}}]}],"classMembers":[{"name":"htmlString","type":"property","value":{"type":"unresolved"},"decorator":"api","loc":{"start":{"line":5,"column":4},"end":{"line":5,"column":19}}},{"name":"show","type":"property","value":{"type":"boolean","value":false},"loc":{"start":{"line":6,"column":4},"end":{"line":6,"column":16}}},{"name":"renderedCallback","type":"method","loc":{"start":{"line":8,"column":4},"end":{"line":15,"column":5}}},{"name":"appendHtml","type":"method","loc":{"start":{"line":17,"column":4},"end":{"line":24,"column":5}}}],"declarationLoc":{"start":{"line":3,"column":0},"end":{"line":25,"column":1}},"doc":"","exports":[{"type":"ExportDefaultDeclaration"}]},"updatedAt":"2024-11-28T08:10:54.830Z"},{"_allAttributes":null,"_properties":null,"_methods":null,"file":"c:/Users/SAYYAPUREDDYSAI/OneDrive - IBM/Desktop/salesforce/portfolio/force-app/main/default/lwc/portfolioSummary/portfolioSummary.js","metadata":{"decorators":[{"type":"api","targets":[{"name":"recordId","type":"property","value":{"type":"unresolved"}},{"name":"objectApiName","type":"property","value":{"type":"unresolved"}}]}],"classMembers":[{"name":"recordId","type":"property","value":{"type":"unresolved"},"decorator":"api","loc":{"start":{"line":5,"column":4},"end":{"line":5,"column":17}}},{"name":"objectApiName","type":"property","value":{"type":"unresolved"},"decorator":"api","loc":{"start":{"line":6,"column":4},"end":{"line":6,"column":22}}}],"declarationLoc":{"start":{"line":3,"column":0},"end":{"line":7,"column":1}},"doc":"","exports":[{"type":"ExportDefaultDeclaration"}]},"updatedAt":"2024-11-27T06:56:06.494Z"},{"_allAttributes":null,"_properties":null,"_methods":null,"file":"c:/Users/SAYYAPUREDDYSAI/OneDrive - IBM/Desktop/salesforce/portfolio/force-app/main/default/lwc/portfolioUserdetails/portfolioUserdetails.js","metadata":{"decorators":[{"type":"api","targets":[{"name":"recordId","type":"property","value":{"type":"unresolved"}},{"name":"objectApiName","type":"property","value":{"type":"unresolved"}},{"name":"resumeUrl","type":"property","value":{"type":"unresolved"}}]}],"classMembers":[{"name":"recordId","type":"property","value":{"type":"unresolved"},"decorator":"api","loc":{"start":{"line":4,"column":4},"end":{"line":4,"column":17}}},{"name":"objectApiName","type":"property","value":{"type":"unresolved"},"decorator":"api","loc":{"start":{"line":5,"column":4},"end":{"line":5,"column":22}}},{"name":"resumeUrl","type":"property","value":{"type":"unresolved"},"decorator":"api","loc":{"start":{"line":7,"column":4},"end":{"line":7,"column":19}}},{"name":"downloadHandler","type":"method","loc":{"start":{"line":9,"column":4},"end":{"line":12,"column":5}}}],"declarationLoc":{"start":{"line":3,"column":0},"end":{"line":15,"column":1}},"doc":"","exports":[{"type":"ExportDefaultDeclaration"}]},"updatedAt":"2024-11-26T14:22:29.295Z"},{"_allAttributes":null,"_properties":null,"_methods":null,"file":"c:/Users/SAYYAPUREDDYSAI/OneDrive - IBM/Desktop/salesforce/portfolio/force-app/main/default/lwc/portfolioUserDetailsAndStatsWrapper/portfolioUserDetailsAndStatsWrapper.js","metadata":{"decorators":[{"type":"api","targets":[{"name":"recordId","type":"property","value":{"type":"unresolved"}},{"name":"objectApiName","type":"property","value":{"type":"unresolved"}},{"name":"badge","type":"property","value":{"type":"unresolved"}},{"name":"points","type":"property","value":{"type":"unresolved"}},{"name":"trails","type":"property","value":{"type":"unresolved"}},{"name":"trailheadRank","type":"property","value":{"type":"unresolved"}},{"name":"resumeUrl","type":"property","value":{"type":"unresolved"}}]}],"classMembers":[{"name":"recordId","type":"property","value":{"type":"unresolved"},"decorator":"api","loc":{"start":{"line":6,"column":4},"end":{"line":6,"column":17}}},{"name":"objectApiName","type":"property","value":{"type":"unresolved"},"decorator":"api","loc":{"start":{"line":7,"column":4},"end":{"line":7,"column":22}}},{"name":"badge","type":"property","value":{"type":"unresolved"},"decorator":"api","loc":{"start":{"line":8,"column":4},"end":{"line":8,"column":14}}},{"name":"points","type":"property","value":{"type":"unresolved"},"decorator":"api","loc":{"start":{"line":9,"column":4},"end":{"line":9,"column":15}}},{"name":"trails","type":"property","value":{"type":"unresolved"},"decorator":"api","loc":{"start":{"line":10,"column":4},"end":{"line":10,"column":15}}},{"name":"trailheadRank","type":"property","value":{"type":"unresolved"},"decorator":"api","loc":{"start":{"line":11,"column":4},"end":{"line":11,"column":22}}},{"name":"resumeUrl","type":"property","value":{"type":"unresolved"},"decorator":"api","loc":{"start":{"line":12,"column":4},"end":{"line":12,"column":19}}}],"declarationLoc":{"start":{"line":3,"column":0},"end":{"line":14,"column":1}},"doc":"","exports":[{"type":"ExportDefaultDeclaration"}]},"updatedAt":"2024-11-26T14:24:47.109Z"},{"_allAttributes":null,"_properties":null,"_methods":null,"file":"c:/Users/SAYYAPUREDDYSAI/OneDrive - IBM/Desktop/salesforce/portfolio/force-app/main/default/lwc/portfolioWorkexperience/portfolioWorkexperience.js","metadata":{"decorators":[{"type":"api","targets":[{"name":"recordId","type":"property","value":{"type":"unresolved"}}]},{"type":"wire","targets":[{"type":"method","name":"wiredWorkExperience","static":{"relatedListId":{"type":"string","value":"Work_Experiences__r"},"fields":{"type":"array","value":["Work_Experience__c.Company_Name__c","Work_Experience__c.Role__c","Work_Experience__c.Description__c","Work_Experience__c.Is_current__c","Work_Experience__c.Job_start_date__c","Work_Experience__c.Job_end_date__c","Work_Experience__c.Company_location__c"]}},"params":{"parentRecordId":"recordId"},"adapter":{"name":"getRelatedListRecords","reference":"lightning/uiRelatedListApi"}}]}],"classMembers":[{"name":"recordId","type":"property","value":{"type":"unresolved"},"decorator":"api","loc":{"start":{"line":5,"column":4},"end":{"line":5,"column":18}}},{"name":"workExperienceList","type":"property","loc":{"start":{"line":7,"column":4},"end":{"line":7,"column":26}}},{"name":"wiredWorkExperience","type":"method","decorator":"wire","loc":{"start":{"line":10,"column":4},"end":{"line":23,"column":5}}},{"name":"formatData","type":"method","loc":{"start":{"line":24,"column":4},"end":{"line":39,"column":5}}},{"name":"getData","type":"method","loc":{"start":{"line":41,"column":4},"end":{"line":44,"column":5}}}],"declarationLoc":{"start":{"line":4,"column":0},"end":{"line":53,"column":1}},"doc":"","exports":[{"type":"ExportDefaultDeclaration"}]},"updatedAt":"2024-11-28T07:59:27.291Z"},{"_allAttributes":null,"_properties":null,"_methods":null,"file":"c:/Users/SAYYAPUREDDYSAI/OneDrive - IBM/Desktop/salesforce/portfolio/force-app/main/default/lwc/portfoliTabsWrapper/portfoliTabsWrapper.js","metadata":{"decorators":[{"type":"api","targets":[{"name":"recordId","type":"property","value":{"type":"unresolved"}},{"name":"objectApiName","type":"property","value":{"type":"unresolved"}}]}],"classMembers":[{"name":"recordId","type":"property","value":{"type":"unresolved"},"decorator":"api","loc":{"start":{"line":4,"column":4},"end":{"line":4,"column":18}}},{"name":"objectApiName","type":"property","value":{"type":"unresolved"},"decorator":"api","loc":{"start":{"line":5,"column":4},"end":{"line":5,"column":23}}}],"declarationLoc":{"start":{"line":3,"column":0},"end":{"line":6,"column":1}},"doc":"","exports":[{"type":"ExportDefaultDeclaration"}]},"updatedAt":"2024-11-27T06:55:32.310Z"}]