<?xml version="1.0" encoding="UTF-8"?>
<LightningComponentBundle xmlns="http://soap.sforce.com/2006/04/metadata">
    <apiVersion>62.0</apiVersion>
    <isExposed>true</isExposed>
    <targets>
        <target>lightningCommunity__Page</target>
        <target>lightningCommunity__Default</target>
    </targets>
    <targetConfigs>
        <targetConfig targets="lightningCommunity__Default">

            <property name="recordId" label="Record Id" type="String" />
            <property name="linkedinUrl" label="Linkedin URL" type="String" />
            <property name="twitterUrl" label="Twitter URL" type="String" />
            <property name="githubUrl" label="Github URL" type="String" />
            <property name="youtubeUrl" label="Youtube URL" type="String" />
            <property name="trailheadUrl" label="TrailHead URL" type="String" />
            <property name="blogUrl" label="Blog URL" type="String" />

        </targetConfig>
    </targetConfigs>
</LightningComponentBundle>